Ref,Val,Package,PosX,PosY,Rot,Side
"R10","0","R_0402_1005Metric",156.312000,-78.930800,270.000000,bottom
"R11","0","R_0402_1005Metric",156.337400,-85.207000,270.000000,bottom
